<?xml version="1.0" encoding="UTF-8" ?>
<step-assembly root="id510">
<product id="id510" name="A3F1807F-1856-4851-85FF-7D796C268A47" shape="id70"/>
<shape id="id70" unit="mm 0.001000" shell="id175"/>
<shell id="id175" color="404040">
    <verts>
        <v p="0.5 0.7 0.625"/>
        <v p="0.5 0 0.625"/>
        <v p="-0.5 0.7 0.625"/>
        <v p="-0.5 0 0.625"/>
        <v p="0.5 0 -0.625"/>
        <v p="0.5 0.7 -0.625"/>
        <v p="-0.5 0 -0.625"/>
        <v p="-0.5 0.7 -0.625"/>
        <v p="-0.5 -0.0299999999999997 0.655"/>
        <v p="-0.5 -0.0299999999999997 -0.655"/>
        <v p="-1 -0.0299999999999998 0.655"/>
        <v p="-1 -0.0299999999999998 -0.655"/>
        <v p="-1 0.73 0.655"/>
        <v p="-1 0.73 -0.655"/>
        <v p="-0.5 0.73 0.655"/>
        <v p="-0.5 0.73 -0.655"/>
        <v p="1 -0.0299999999999995 0.655"/>
        <v p="1 -0.0299999999999995 -0.655"/>
        <v p="0.5 -0.0299999999999996 0.655"/>
        <v p="0.5 -0.0299999999999996 -0.655"/>
        <v p="0.5 0.73 0.655"/>
        <v p="0.5 0.73 -0.655"/>
        <v p="1 0.73 0.655"/>
        <v p="1 0.73 -0.655"/>
        <v p="0.5 0.525 0.625"/>
        <v p="0.5 0.35 0.625"/>
        <v p="0.5 0.175 0.625"/>
        <v p="-0.25 0.7 0.625"/>
        <v p="0 0.7 0.625"/>
        <v p="0.25 0.7 0.625"/>
        <v p="-0.5 0.175 0.625"/>
        <v p="-0.5 0.35 0.625"/>
        <v p="-0.5 0.525 0.625"/>
        <v p="-0.25 0 0.625"/>
        <v p="0 0 0.625"/>
        <v p="0.25 0 0.625"/>
        <v p="0.5 0.175 -0.625"/>
        <v p="0.5 0.35 -0.625"/>
        <v p="0.5 0.525 -0.625"/>
        <v p="0.25 0 -0.625"/>
        <v p="0 0 -0.625"/>
        <v p="-0.25 0 -0.625"/>
        <v p="-0.5 0.525 -0.625"/>
        <v p="-0.5 0.35 -0.625"/>
        <v p="-0.5 0.175 -0.625"/>
        <v p="0.25 0.7 -0.625"/>
        <v p="0 0.7 -0.625"/>
        <v p="-0.25 0.7 -0.625"/>
        <v p="0.5 0.7 0.3125"/>
        <v p="0.5 0.7 0"/>
        <v p="0.5 0.7 -0.3125"/>
        <v p="-0.5 0.7 -0.3125"/>
        <v p="-0.5 0.7 1.11022302462516e-016"/>
        <v p="-0.5 0.7 0.3125"/>
        <v p="0.5 0 0.3125"/>
        <v p="0.5 0 -1.11022302462516e-016"/>
        <v p="0.5 0 -0.3125"/>
        <v p="-0.5 0 -0.3125"/>
        <v p="-0.5 0 1.11022302462516e-016"/>
        <v p="-0.5 0 0.3125"/>
        <v p="-0.5 -0.0299999999999997 0.3275"/>
        <v p="-0.5 -0.0299999999999997 1.11022302462516e-016"/>
        <v p="-0.5 -0.0299999999999997 -0.3275"/>
        <v p="-0.625 -0.0299999999999997 0.655"/>
        <v p="-0.75 -0.0299999999999997 0.655"/>
        <v p="-0.875 -0.0299999999999997 0.655"/>
        <v p="-1 -0.0299999999999998 0.3275"/>
        <v p="-1 -0.0299999999999998 1.11022302462516e-016"/>
        <v p="-1 -0.0299999999999998 -0.3275"/>
        <v p="-0.625 -0.0299999999999997 -0.655"/>
        <v p="-0.75 -0.0299999999999997 -0.655"/>
        <v p="-0.875 -0.0299999999999997 -0.655"/>
        <v p="-1 0.73 0.3275"/>
        <v p="-1 0.73 1.66533453693773e-016"/>
        <v p="-1 0.73 -0.3275"/>
        <v p="-0.875 0.73 0.655"/>
        <v p="-0.75 0.73 0.655"/>
        <v p="-0.625 0.73 0.655"/>
        <v p="-0.5 0.73 0.3275"/>
        <v p="-0.5 0.73 1.11022302462516e-016"/>
        <v p="-0.5 0.73 -0.3275"/>
        <v p="-0.875 0.73 -0.655"/>
        <v p="-0.75 0.73 -0.655"/>
        <v p="-0.625 0.73 -0.655"/>
        <v p="-0.5 0.54 0.655"/>
        <v p="-0.5 0.35 0.655"/>
        <v p="-0.5 0.16 0.655"/>
        <v p="-0.5 0.54 -0.655"/>
        <v p="-0.5 0.35 -0.655"/>
        <v p="-0.5 0.16 -0.655"/>
        <v p="-1 0.16 0.655"/>
        <v p="-1 0.35 0.655"/>
        <v p="-1 0.54 0.655"/>
        <v p="-1 0.16 -0.655"/>
        <v p="-1 0.35 -0.655"/>
        <v p="-1 0.54 -0.655"/>
        <v p="1 -0.0299999999999995 0.3275"/>
        <v p="1 -0.0299999999999995 0"/>
        <v p="1 -0.0299999999999995 -0.3275"/>
        <v p="0.875 -0.0299999999999995 0.655"/>
        <v p="0.75 -0.0299999999999996 0.655"/>
        <v p="0.625 -0.0299999999999996 0.655"/>
        <v p="0.5 -0.0299999999999996 0.3275"/>
        <v p="0.5 -0.0299999999999996 0"/>
        <v p="0.5 -0.0299999999999996 -0.3275"/>
        <v p="0.875 -0.0299999999999995 -0.655"/>
        <v p="0.75 -0.0299999999999996 -0.655"/>
        <v p="0.625 -0.0299999999999996 -0.655"/>
        <v p="0.5 0.16 0.655"/>
        <v p="0.5 0.35 0.655"/>
        <v p="0.5 0.54 0.655"/>
        <v p="0.5 0.73 0.3275"/>
        <v p="0.5 0.73 0"/>
        <v p="0.5 0.73 -0.3275"/>
        <v p="0.5 0.16 -0.655"/>
        <v p="0.5 0.35 -0.655"/>
        <v p="0.5 0.54 -0.655"/>
        <v p="0.625 0.73 0.655"/>
        <v p="0.75 0.73 0.655"/>
        <v p="0.875 0.73 0.655"/>
        <v p="1 0.73 0.3275"/>
        <v p="1 0.73 0"/>
        <v p="1 0.73 -0.3275"/>
        <v p="0.625 0.73 -0.655"/>
        <v p="0.75 0.73 -0.655"/>
        <v p="0.875 0.73 -0.655"/>
        <v p="1 0.54 0.655"/>
        <v p="1 0.35 0.655"/>
        <v p="1 0.16 0.655"/>
        <v p="1 0.54 -0.655"/>
        <v p="1 0.35 -0.655"/>
        <v p="1 0.16 -0.655"/>
    </verts>
    <facets color="c0c0c0">
        <f v="26 34 35" fn="0 0 1">
            <n d="-0 -0 1"/>
            <n d="-0 -0 1"/>
            <n d="-0 -0 1"/>
        </f>
        <f v="30 33 34" fn="-0 -0 1">
            <n d="-0 -0 1"/>
            <n d="-0 -0 1"/>
            <n d="-0 -0 1"/>
        </f>
        <f v="30 3 33" fn="-0 -0 1">
            <n d="-0 -0 1"/>
            <n d="-0 -0 1"/>
            <n d="-0 -0 1"/>
        </f>
        <f v="31 30 34" fn="-0 -0 1">
            <n d="-0 -0 1"/>
            <n d="-0 -0 1"/>
            <n d="-0 -0 1"/>
        </f>
        <f v="28 31 34" fn="0 0 1">
            <n d="-0 -0 1"/>
            <n d="-0 -0 1"/>
            <n d="-0 -0 1"/>
        </f>
        <f v="28 32 31" fn="0 0 1">
            <n d="-0 -0 1"/>
            <n d="-0 -0 1"/>
            <n d="-0 -0 1"/>
        </f>
        <f v="27 2 32" fn="0 -0 1">
            <n d="-0 -0 1"/>
            <n d="-0 -0 1"/>
            <n d="-0 -0 1"/>
        </f>
        <f v="28 27 32" fn="0 -0 1">
            <n d="-0 -0 1"/>
            <n d="-0 -0 1"/>
            <n d="-0 -0 1"/>
        </f>
        <f v="25 28 34" fn="0 0 1">
            <n d="-0 -0 1"/>
            <n d="-0 -0 1"/>
            <n d="-0 -0 1"/>
        </f>
        <f v="24 29 28" fn="-0 -0 1">
            <n d="-0 -0 1"/>
            <n d="-0 -0 1"/>
            <n d="-0 -0 1"/>
        </f>
        <f v="24 0 29" fn="-0 -0 1">
            <n d="-0 -0 1"/>
            <n d="-0 -0 1"/>
            <n d="-0 -0 1"/>
        </f>
        <f v="26 25 34" fn="0 -0 1">
            <n d="-0 -0 1"/>
            <n d="-0 -0 1"/>
            <n d="-0 -0 1"/>
        </f>
        <f v="25 24 28" fn="-0 -0 1">
            <n d="-0 -0 1"/>
            <n d="-0 -0 1"/>
            <n d="-0 -0 1"/>
        </f>
        <f v="26 35 1" fn="0 0 1">
            <n d="-0 -0 1"/>
            <n d="-0 -0 1"/>
            <n d="-0 -0 1"/>
        </f>
    </facets>
    <facets color="c0c0c0">
        <f v="38 46 45" fn="-4.44089209850062e-016 0 -1">
            <n d="-1.0842021724855e-016 0 -1"/>
            <n d="-1.0842021724855e-016 0 -1"/>
            <n d="-1.0842021724855e-016 0 -1"/>
        </f>
        <f v="42 7 47" fn="0 0 -1">
            <n d="-1.0842021724855e-016 0 -1"/>
            <n d="-1.0842021724855e-016 0 -1"/>
            <n d="-1.0842021724855e-016 0 -1"/>
        </f>
        <f v="42 47 46" fn="-4.44089209850062e-016 6.34413156928661e-016 -1">
            <n d="-1.0842021724855e-016 0 -1"/>
            <n d="-1.0842021724855e-016 0 -1"/>
            <n d="-1.0842021724855e-016 0 -1"/>
        </f>
        <f v="43 42 46" fn="-2.22044604925031e-016 0 -1">
            <n d="-1.0842021724855e-016 0 -1"/>
            <n d="-1.0842021724855e-016 0 -1"/>
            <n d="-1.0842021724855e-016 0 -1"/>
        </f>
        <f v="40 43 46" fn="-3.33066907387547e-016 1.58603289232165e-016 -1">
            <n d="-1.0842021724855e-016 0 -1"/>
            <n d="-1.0842021724855e-016 0 -1"/>
            <n d="-1.0842021724855e-016 0 -1"/>
        </f>
        <f v="40 44 43" fn="-4.44089209850062e-016 0 -1">
            <n d="-1.0842021724855e-016 0 -1"/>
            <n d="-1.0842021724855e-016 0 -1"/>
            <n d="-1.0842021724855e-016 0 -1"/>
        </f>
        <f v="41 6 44" fn="-4.44089209850062e-016 -0 -1">
            <n d="-1.0842021724855e-016 0 -1"/>
            <n d="-1.0842021724855e-016 0 -1"/>
            <n d="-1.0842021724855e-016 0 -1"/>
        </f>
        <f v="40 41 44" fn="-4.44089209850062e-016 -0 -1">
            <n d="-1.0842021724855e-016 0 -1"/>
            <n d="-1.0842021724855e-016 0 -1"/>
            <n d="-1.0842021724855e-016 0 -1"/>
        </f>
        <f v="37 40 46" fn="-3.33066907387547e-016 1.58603289232165e-016 -1">
            <n d="-1.0842021724855e-016 0 -1"/>
            <n d="-1.0842021724855e-016 0 -1"/>
            <n d="-1.0842021724855e-016 0 -1"/>
        </f>
        <f v="38 37 46" fn="-4.44089209850062e-016 -0 -1">
            <n d="-1.0842021724855e-016 0 -1"/>
            <n d="-1.0842021724855e-016 0 -1"/>
            <n d="-1.0842021724855e-016 0 -1"/>
        </f>
        <f v="36 4 39" fn="-4.44089209850062e-016 6.34413156928661e-016 -1">
            <n d="-1.0842021724855e-016 0 -1"/>
            <n d="-1.0842021724855e-016 0 -1"/>
            <n d="-1.0842021724855e-016 0 -1"/>
        </f>
        <f v="36 39 40" fn="-4.44089209850062e-016 6.34413156928661e-016 -1">
            <n d="-1.0842021724855e-016 0 -1"/>
            <n d="-1.0842021724855e-016 0 -1"/>
            <n d="-1.0842021724855e-016 0 -1"/>
        </f>
        <f v="37 36 40" fn="-2.22044604925031e-016 -0 -1">
            <n d="-1.0842021724855e-016 0 -1"/>
            <n d="-1.0842021724855e-016 0 -1"/>
            <n d="-1.0842021724855e-016 0 -1"/>
        </f>
        <f v="38 45 5" fn="0 6.34413156928661e-016 -1">
            <n d="-1.0842021724855e-016 0 -1"/>
            <n d="-1.0842021724855e-016 0 -1"/>
            <n d="-1.0842021724855e-016 0 -1"/>
        </f>
    </facets>
    <facets color="c0c0c0">
        <f v="52 27 28" fn="-0 1 -0">
            <n d="0 1 -0"/>
            <n d="0 1 -0"/>
            <n d="0 1 -0"/>
        </f>
        <f v="49 28 29" fn="-0 1 -0">
            <n d="0 1 -0"/>
            <n d="0 1 -0"/>
            <n d="0 1 -0"/>
        </f>
        <f v="48 29 0" fn="0 1 -0">
            <n d="0 1 -0"/>
            <n d="0 1 -0"/>
            <n d="0 1 -0"/>
        </f>
        <f v="49 29 48" fn="0 1 -0">
            <n d="0 1 -0"/>
            <n d="0 1 -0"/>
            <n d="0 1 -0"/>
        </f>
        <f v="46 28 49" fn="-0 1 -0">
            <n d="0 1 -0"/>
            <n d="0 1 -0"/>
            <n d="0 1 -0"/>
        </f>
        <f v="46 49 50" fn="-0 1 -0">
            <n d="0 1 -0"/>
            <n d="0 1 -0"/>
            <n d="0 1 -0"/>
        </f>
        <f v="45 50 5" fn="0 1 0">
            <n d="0 1 -0"/>
            <n d="0 1 -0"/>
            <n d="0 1 -0"/>
        </f>
        <f v="46 50 45" fn="-0 1 0">
            <n d="0 1 -0"/>
            <n d="0 1 -0"/>
            <n d="0 1 -0"/>
        </f>
        <f v="52 28 46" fn="-0 1 -0">
            <n d="0 1 -0"/>
            <n d="0 1 -0"/>
            <n d="0 1 -0"/>
        </f>
        <f v="53 27 52" fn="-0 1 0">
            <n d="0 1 -0"/>
            <n d="0 1 -0"/>
            <n d="0 1 -0"/>
        </f>
        <f v="51 47 7" fn="-0 1 -0">
            <n d="0 1 -0"/>
            <n d="0 1 -0"/>
            <n d="0 1 -0"/>
        </f>
        <f v="51 46 47" fn="0 1 0">
            <n d="0 1 -0"/>
            <n d="0 1 -0"/>
            <n d="0 1 -0"/>
        </f>
        <f v="52 46 51" fn="0 1 0">
            <n d="0 1 -0"/>
            <n d="0 1 -0"/>
            <n d="0 1 -0"/>
        </f>
        <f v="53 2 27" fn="-0 1 -0">
            <n d="0 1 -0"/>
            <n d="0 1 -0"/>
            <n d="0 1 -0"/>
        </f>
    </facets>
    <facets color="c0c0c0">
        <f v="56 40 39" fn="0 -1 0">
            <n d="-0 -1 0"/>
            <n d="-0 -1 0"/>
            <n d="-0 -1 0"/>
        </f>
        <f v="57 6 41" fn="0 -1 0">
            <n d="-0 -1 0"/>
            <n d="-0 -1 0"/>
            <n d="-0 -1 0"/>
        </f>
        <f v="58 41 40" fn="0 -1 0">
            <n d="-0 -1 0"/>
            <n d="-0 -1 0"/>
            <n d="-0 -1 0"/>
        </f>
        <f v="58 57 41" fn="-0 -1 -0">
            <n d="-0 -1 0"/>
            <n d="-0 -1 0"/>
            <n d="-0 -1 0"/>
        </f>
        <f v="34 58 40" fn="0 -1 -0">
            <n d="-0 -1 0"/>
            <n d="-0 -1 0"/>
            <n d="-0 -1 0"/>
        </f>
        <f v="33 59 58" fn="-0 -1 -0">
            <n d="-0 -1 0"/>
            <n d="-0 -1 0"/>
            <n d="-0 -1 0"/>
        </f>
        <f v="33 3 59" fn="-0 -1 -0">
            <n d="-0 -1 0"/>
            <n d="-0 -1 0"/>
            <n d="-0 -1 0"/>
        </f>
        <f v="34 33 58" fn="-0 -1 -0">
            <n d="-0 -1 0"/>
            <n d="-0 -1 0"/>
            <n d="-0 -1 0"/>
        </f>
        <f v="55 34 40" fn="-0 -1 0">
            <n d="-0 -1 0"/>
            <n d="-0 -1 0"/>
            <n d="-0 -1 0"/>
        </f>
        <f v="54 35 34" fn="-0 -1 -0">
            <n d="-0 -1 0"/>
            <n d="-0 -1 0"/>
            <n d="-0 -1 0"/>
        </f>
        <f v="54 1 35" fn="-0 -1 0">
            <n d="-0 -1 0"/>
            <n d="-0 -1 0"/>
            <n d="-0 -1 0"/>
        </f>
        <f v="56 55 40" fn="-0 -1 0">
            <n d="-0 -1 0"/>
            <n d="-0 -1 0"/>
            <n d="-0 -1 0"/>
        </f>
        <f v="55 54 34" fn="-0 -1 0">
            <n d="-0 -1 0"/>
            <n d="-0 -1 0"/>
            <n d="-0 -1 0"/>
        </f>
        <f v="56 39 4" fn="0 -1 -0">
            <n d="-0 -1 0"/>
            <n d="-0 -1 0"/>
            <n d="-0 -1 0"/>
        </f>
    </facets>
    <facets color="404040">
        <f v="61 70 69" fn="5.55111512312578e-017 -1 0">
            <n d="4.74338450462408e-017 -1 -0"/>
            <n d="4.74338450462408e-017 -1 -0"/>
            <n d="4.74338450462408e-017 -1 -0"/>
        </f>
        <f v="68 71 70" fn="5.55111512312578e-017 -1 1.05937311510034e-017">
            <n d="4.74338450462408e-017 -1 -0"/>
            <n d="4.74338450462408e-017 -1 -0"/>
            <n d="4.74338450462408e-017 -1 -0"/>
        </f>
        <f v="68 11 71" fn="2.77555756156289e-017 -1 -0">
            <n d="4.74338450462408e-017 -1 -0"/>
            <n d="4.74338450462408e-017 -1 -0"/>
            <n d="4.74338450462408e-017 -1 -0"/>
        </f>
        <f v="67 68 70" fn="4.16333634234434e-017 -1 -0">
            <n d="4.74338450462408e-017 -1 -0"/>
            <n d="4.74338450462408e-017 -1 -0"/>
            <n d="4.74338450462408e-017 -1 -0"/>
        </f>
        <f v="64 67 70" fn="4.16333634234434e-017 -1 0">
            <n d="4.74338450462408e-017 -1 -0"/>
            <n d="4.74338450462408e-017 -1 -0"/>
            <n d="4.74338450462408e-017 -1 -0"/>
        </f>
        <f v="65 66 67" fn="2.77555756156289e-017 -1 -0">
            <n d="4.74338450462408e-017 -1 -0"/>
            <n d="4.74338450462408e-017 -1 -0"/>
            <n d="4.74338450462408e-017 -1 -0"/>
        </f>
        <f v="65 10 66" fn="2.77555756156289e-017 -1 -0">
            <n d="4.74338450462408e-017 -1 -0"/>
            <n d="4.74338450462408e-017 -1 -0"/>
            <n d="4.74338450462408e-017 -1 -0"/>
        </f>
        <f v="64 65 67" fn="5.55111512312578e-017 -1 -5.2968655755017e-018">
            <n d="4.74338450462408e-017 -1 -0"/>
            <n d="4.74338450462408e-017 -1 -0"/>
            <n d="4.74338450462408e-017 -1 -0"/>
        </f>
        <f v="61 64 70" fn="5.55111512312578e-017 -1 0">
            <n d="4.74338450462408e-017 -1 -0"/>
            <n d="4.74338450462408e-017 -1 -0"/>
            <n d="4.74338450462408e-017 -1 -0"/>
        </f>
        <f v="60 63 64" fn="5.55111512312578e-017 -1 -0">
            <n d="4.74338450462408e-017 -1 -0"/>
            <n d="4.74338450462408e-017 -1 -0"/>
            <n d="4.74338450462408e-017 -1 -0"/>
        </f>
        <f v="60 8 63" fn="5.55111512312578e-017 -1 -0">
            <n d="4.74338450462408e-017 -1 -0"/>
            <n d="4.74338450462408e-017 -1 -0"/>
            <n d="4.74338450462408e-017 -1 -0"/>
        </f>
        <f v="62 61 69" fn="5.55111512312578e-017 -1 -0">
            <n d="4.74338450462408e-017 -1 -0"/>
            <n d="4.74338450462408e-017 -1 -0"/>
            <n d="4.74338450462408e-017 -1 -0"/>
        </f>
        <f v="61 60 64" fn="5.55111512312578e-017 -1 -0">
            <n d="4.74338450462408e-017 -1 -0"/>
            <n d="4.74338450462408e-017 -1 -0"/>
            <n d="4.74338450462408e-017 -1 -0"/>
        </f>
        <f v="62 69 9" fn="5.55111512312578e-017 -1 0">
            <n d="4.74338450462408e-017 -1 -0"/>
            <n d="4.74338450462408e-017 -1 -0"/>
            <n d="4.74338450462408e-017 -1 -0"/>
        </f>
    </facets>
    <facets color="404040">
        <f v="74 82 81" fn="0 1 0">
            <n d="-2.16840434497101e-016 1 -0"/>
            <n d="-2.16840434497101e-016 1 -0"/>
            <n d="-2.16840434497101e-016 1 -0"/>
        </f>
        <f v="80 83 82" fn="-3.01091948557638e-031 1 -3.38999396832109e-016">
            <n d="-2.16840434497101e-016 1 -0"/>
            <n d="-2.16840434497101e-016 1 -0"/>
            <n d="-2.16840434497101e-016 1 -0"/>
        </f>
        <f v="80 15 83" fn="-8.88178419700125e-016 1 -0">
            <n d="-2.16840434497101e-016 1 -0"/>
            <n d="-2.16840434497101e-016 1 -0"/>
            <n d="-2.16840434497101e-016 1 -0"/>
        </f>
        <f v="79 80 82" fn="-4.44089209850063e-016 1 -0">
            <n d="-2.16840434497101e-016 1 -0"/>
            <n d="-2.16840434497101e-016 1 -0"/>
            <n d="-2.16840434497101e-016 1 -0"/>
        </f>
        <f v="76 79 82" fn="-4.44089209850063e-016 1 0">
            <n d="-2.16840434497101e-016 1 -0"/>
            <n d="-2.16840434497101e-016 1 -0"/>
            <n d="-2.16840434497101e-016 1 -0"/>
        </f>
        <f v="77 78 79" fn="-8.88178419700125e-016 1 -0">
            <n d="-2.16840434497101e-016 1 -0"/>
            <n d="-2.16840434497101e-016 1 -0"/>
            <n d="-2.16840434497101e-016 1 -0"/>
        </f>
        <f v="77 14 78" fn="-8.88178419700125e-016 1 -0">
            <n d="-2.16840434497101e-016 1 -0"/>
            <n d="-2.16840434497101e-016 1 -0"/>
            <n d="-2.16840434497101e-016 1 -0"/>
        </f>
        <f v="76 77 79" fn="-0 1 1.69499698416054e-016">
            <n d="-2.16840434497101e-016 1 -0"/>
            <n d="-2.16840434497101e-016 1 -0"/>
            <n d="-2.16840434497101e-016 1 -0"/>
        </f>
        <f v="73 76 82" fn="-0 1 0">
            <n d="-2.16840434497101e-016 1 -0"/>
            <n d="-2.16840434497101e-016 1 -0"/>
            <n d="-2.16840434497101e-016 1 -0"/>
        </f>
        <f v="72 75 76" fn="-0 1 -0">
            <n d="-2.16840434497101e-016 1 -0"/>
            <n d="-2.16840434497101e-016 1 -0"/>
            <n d="-2.16840434497101e-016 1 -0"/>
        </f>
        <f v="72 12 75" fn="-0 1 -0">
            <n d="-2.16840434497101e-016 1 -0"/>
            <n d="-2.16840434497101e-016 1 -0"/>
            <n d="-2.16840434497101e-016 1 -0"/>
        </f>
        <f v="74 73 82" fn="-0 1 -0">
            <n d="-2.16840434497101e-016 1 -0"/>
            <n d="-2.16840434497101e-016 1 -0"/>
            <n d="-2.16840434497101e-016 1 -0"/>
        </f>
        <f v="73 72 76" fn="-0 1 -0">
            <n d="-2.16840434497101e-016 1 -0"/>
            <n d="-2.16840434497101e-016 1 -0"/>
            <n d="-2.16840434497101e-016 1 -0"/>
        </f>
        <f v="74 81 13" fn="0 1 0">
            <n d="-2.16840434497101e-016 1 -0"/>
            <n d="-2.16840434497101e-016 1 -0"/>
            <n d="-2.16840434497101e-016 1 -0"/>
        </f>
    </facets>
    <facets color="404040">
        <f v="62 9 6" fn="1 -0 -0">
            <n d="1 -0 -0"/>
            <n d="1 -0 -0"/>
            <n d="1 -0 -0"/>
        </f>
        <f v="84 85 32" fn="1 0 0">
            <n d="1 -0 -0"/>
            <n d="1 -0 -0"/>
            <n d="1 -0 -0"/>
        </f>
        <f v="78 2 53" fn="1 0 0">
            <n d="1 -0 -0"/>
            <n d="1 -0 -0"/>
            <n d="1 -0 -0"/>
        </f>
        <f v="85 86 30" fn="1 0 -0">
            <n d="1 -0 -0"/>
            <n d="1 -0 -0"/>
            <n d="1 -0 -0"/>
        </f>
        <f v="86 3 30" fn="1 0 0">
            <n d="1 -0 -0"/>
            <n d="1 -0 -0"/>
            <n d="1 -0 -0"/>
        </f>
        <f v="9 89 6" fn="1 0 0">
            <n d="1 -0 -0"/>
            <n d="1 -0 -0"/>
            <n d="1 -0 -0"/>
        </f>
        <f v="80 51 7" fn="1 0 -0">
            <n d="1 -0 -0"/>
            <n d="1 -0 -0"/>
            <n d="1 -0 -0"/>
        </f>
        <f v="79 52 51" fn="1 0 0">
            <n d="1 -0 -0"/>
            <n d="1 -0 -0"/>
            <n d="1 -0 -0"/>
        </f>
        <f v="79 53 52" fn="1 0 0">
            <n d="1 -0 -0"/>
            <n d="1 -0 -0"/>
            <n d="1 -0 -0"/>
        </f>
        <f v="87 7 42" fn="1 0 -0">
            <n d="1 -0 -0"/>
            <n d="1 -0 -0"/>
            <n d="1 -0 -0"/>
        </f>
        <f v="87 15 7" fn="1 -0 -0">
            <n d="1 -0 -0"/>
            <n d="1 -0 -0"/>
            <n d="1 -0 -0"/>
        </f>
        <f v="88 42 43" fn="1 0 -0">
            <n d="1 -0 -0"/>
            <n d="1 -0 -0"/>
            <n d="1 -0 -0"/>
        </f>
        <f v="88 87 42" fn="1 -0 -0">
            <n d="1 -0 -0"/>
            <n d="1 -0 -0"/>
            <n d="1 -0 -0"/>
        </f>
        <f v="88 43 44" fn="1 -0 -0">
            <n d="1 -0 -0"/>
            <n d="1 -0 -0"/>
            <n d="1 -0 -0"/>
        </f>
        <f v="89 88 44" fn="1 0 0">
            <n d="1 -0 -0"/>
            <n d="1 -0 -0"/>
            <n d="1 -0 -0"/>
        </f>
        <f v="89 44 6" fn="1 -0 -0">
            <n d="1 -0 -0"/>
            <n d="1 -0 -0"/>
            <n d="1 -0 -0"/>
        </f>
        <f v="62 6 57" fn="1 -0 0">
            <n d="1 -0 -0"/>
            <n d="1 -0 -0"/>
            <n d="1 -0 -0"/>
        </f>
        <f v="61 57 58" fn="1 -0 0">
            <n d="1 -0 -0"/>
            <n d="1 -0 -0"/>
            <n d="1 -0 -0"/>
        </f>
        <f v="61 58 59" fn="1 0 0">
            <n d="1 -0 -0"/>
            <n d="1 -0 -0"/>
            <n d="1 -0 -0"/>
        </f>
        <f v="61 62 57" fn="1 -0 -0">
            <n d="1 -0 -0"/>
            <n d="1 -0 -0"/>
            <n d="1 -0 -0"/>
        </f>
        <f v="60 59 3" fn="1 -0 0">
            <n d="1 -0 -0"/>
            <n d="1 -0 -0"/>
            <n d="1 -0 -0"/>
        </f>
        <f v="60 61 59" fn="1 -0 -0">
            <n d="1 -0 -0"/>
            <n d="1 -0 -0"/>
            <n d="1 -0 -0"/>
        </f>
        <f v="8 60 3" fn="1 0 0">
            <n d="1 -0 -0"/>
            <n d="1 -0 -0"/>
            <n d="1 -0 -0"/>
        </f>
        <f v="86 8 3" fn="1 0 -0">
            <n d="1 -0 -0"/>
            <n d="1 -0 -0"/>
            <n d="1 -0 -0"/>
        </f>
        <f v="85 30 31" fn="1 0 0">
            <n d="1 -0 -0"/>
            <n d="1 -0 -0"/>
            <n d="1 -0 -0"/>
        </f>
        <f v="85 31 32" fn="1 0 0">
            <n d="1 -0 -0"/>
            <n d="1 -0 -0"/>
            <n d="1 -0 -0"/>
        </f>
        <f v="84 32 2" fn="1 0 0">
            <n d="1 -0 -0"/>
            <n d="1 -0 -0"/>
            <n d="1 -0 -0"/>
        </f>
        <f v="14 84 2" fn="1 0 0">
            <n d="1 -0 -0"/>
            <n d="1 -0 -0"/>
            <n d="1 -0 -0"/>
        </f>
        <f v="78 14 2" fn="1 -0 -0">
            <n d="1 -0 -0"/>
            <n d="1 -0 -0"/>
            <n d="1 -0 -0"/>
        </f>
        <f v="79 78 53" fn="1 -0 -0">
            <n d="1 -0 -0"/>
            <n d="1 -0 -0"/>
            <n d="1 -0 -0"/>
        </f>
        <f v="80 79 51" fn="1 0 -0">
            <n d="1 -0 -0"/>
            <n d="1 -0 -0"/>
            <n d="1 -0 -0"/>
        </f>
        <f v="80 7 15" fn="1 0 0">
            <n d="1 -0 -0"/>
            <n d="1 -0 -0"/>
            <n d="1 -0 -0"/>
        </f>
    </facets>
    <facets color="404040">
        <f v="77 85 84" fn="0 0 1">
            <n d="-0 -0 1"/>
            <n d="-0 -0 1"/>
            <n d="-0 -0 1"/>
        </f>
        <f v="63 8 86" fn="0 0 1">
            <n d="-0 -0 1"/>
            <n d="-0 -0 1"/>
            <n d="-0 -0 1"/>
        </f>
        <f v="63 86 85" fn="-0 -0 1">
            <n d="-0 -0 1"/>
            <n d="-0 -0 1"/>
            <n d="-0 -0 1"/>
        </f>
        <f v="64 63 85" fn="-0 -0 1">
            <n d="-0 -0 1"/>
            <n d="-0 -0 1"/>
            <n d="-0 -0 1"/>
        </f>
        <f v="76 64 85" fn="0 0 1">
            <n d="-0 -0 1"/>
            <n d="-0 -0 1"/>
            <n d="-0 -0 1"/>
        </f>
        <f v="90 65 64" fn="-0 -0 1">
            <n d="-0 -0 1"/>
            <n d="-0 -0 1"/>
            <n d="-0 -0 1"/>
        </f>
        <f v="90 10 65" fn="-0 -0 1">
            <n d="-0 -0 1"/>
            <n d="-0 -0 1"/>
            <n d="-0 -0 1"/>
        </f>
        <f v="91 90 64" fn="-0 -0 1">
            <n d="-0 -0 1"/>
            <n d="-0 -0 1"/>
            <n d="-0 -0 1"/>
        </f>
        <f v="76 91 64" fn="-0 0 1">
            <n d="-0 -0 1"/>
            <n d="-0 -0 1"/>
            <n d="-0 -0 1"/>
        </f>
        <f v="76 92 91" fn="0 0 1">
            <n d="-0 -0 1"/>
            <n d="-0 -0 1"/>
            <n d="-0 -0 1"/>
        </f>
        <f v="75 12 92" fn="0 -0 1">
            <n d="-0 -0 1"/>
            <n d="-0 -0 1"/>
            <n d="-0 -0 1"/>
        </f>
        <f v="76 75 92" fn="0 -0 1">
            <n d="-0 -0 1"/>
            <n d="-0 -0 1"/>
            <n d="-0 -0 1"/>
        </f>
        <f v="77 76 85" fn="0 0 1">
            <n d="-0 -0 1"/>
            <n d="-0 -0 1"/>
            <n d="-0 -0 1"/>
        </f>
        <f v="77 84 14" fn="-0 0 1">
            <n d="-0 -0 1"/>
            <n d="-0 -0 1"/>
            <n d="-0 -0 1"/>
        </f>
    </facets>
    <facets color="404040">
        <f v="88 82 83" fn="-8.88178419700125e-016 -2.92163953848725e-016 -1">
            <n d="-1.0842021724855e-016 0 -1"/>
            <n d="-1.0842021724855e-016 0 -1"/>
            <n d="-1.0842021724855e-016 0 -1"/>
        </f>
        <f v="95 13 81" fn="0 0 -1">
            <n d="-1.0842021724855e-016 0 -1"/>
            <n d="-1.0842021724855e-016 0 -1"/>
            <n d="-1.0842021724855e-016 0 -1"/>
        </f>
        <f v="95 81 82" fn="-0 -0 -1">
            <n d="-1.0842021724855e-016 0 -1"/>
            <n d="-1.0842021724855e-016 0 -1"/>
            <n d="-1.0842021724855e-016 0 -1"/>
        </f>
        <f v="94 95 82" fn="-0 -0 -1">
            <n d="-1.0842021724855e-016 0 -1"/>
            <n d="-1.0842021724855e-016 0 -1"/>
            <n d="-1.0842021724855e-016 0 -1"/>
        </f>
        <f v="70 94 82" fn="-2.22044604925031e-016 1.46081976924363e-016 -1">
            <n d="-1.0842021724855e-016 0 -1"/>
            <n d="-1.0842021724855e-016 0 -1"/>
            <n d="-1.0842021724855e-016 0 -1"/>
        </f>
        <f v="70 93 94" fn="4.44089209850063e-016 5.84327907697451e-016 -1">
            <n d="-1.0842021724855e-016 0 -1"/>
            <n d="-1.0842021724855e-016 0 -1"/>
            <n d="-1.0842021724855e-016 0 -1"/>
        </f>
        <f v="71 11 93" fn="-0 -0 -1">
            <n d="-1.0842021724855e-016 0 -1"/>
            <n d="-1.0842021724855e-016 0 -1"/>
            <n d="-1.0842021724855e-016 0 -1"/>
        </f>
        <f v="70 71 93" fn="-0 -0 -1">
            <n d="-1.0842021724855e-016 0 -1"/>
            <n d="-1.0842021724855e-016 0 -1"/>
            <n d="-1.0842021724855e-016 0 -1"/>
        </f>
        <f v="88 70 82" fn="-2.22044604925031e-016 1.46081976924363e-016 -1">
            <n d="-1.0842021724855e-016 0 -1"/>
            <n d="-1.0842021724855e-016 0 -1"/>
            <n d="-1.0842021724855e-016 0 -1"/>
        </f>
        <f v="88 69 70" fn="0 0 -1">
            <n d="-1.0842021724855e-016 0 -1"/>
            <n d="-1.0842021724855e-016 0 -1"/>
            <n d="-1.0842021724855e-016 0 -1"/>
        </f>
        <f v="88 89 69" fn="-0 -0 -1">
            <n d="-1.0842021724855e-016 0 -1"/>
            <n d="-1.0842021724855e-016 0 -1"/>
            <n d="-1.0842021724855e-016 0 -1"/>
        </f>
        <f v="89 9 69" fn="-0 -0 -1">
            <n d="-1.0842021724855e-016 0 -1"/>
            <n d="-1.0842021724855e-016 0 -1"/>
            <n d="-1.0842021724855e-016 0 -1"/>
        </f>
        <f v="87 88 83" fn="-0 -0 -1">
            <n d="-1.0842021724855e-016 0 -1"/>
            <n d="-1.0842021724855e-016 0 -1"/>
            <n d="-1.0842021724855e-016 0 -1"/>
        </f>
        <f v="87 83 15" fn="0 0 -1">
            <n d="-1.0842021724855e-016 0 -1"/>
            <n d="-1.0842021724855e-016 0 -1"/>
            <n d="-1.0842021724855e-016 0 -1"/>
        </f>
    </facets>
    <facets color="404040">
        <f v="67 94 93" fn="-1 0 0">
            <n d="-1 0 -3.46944695195361e-016"/>
            <n d="-1 0 -3.46944695195361e-016"/>
            <n d="-1 0 -3.46944695195361e-016"/>
        </f>
        <f v="73 95 94" fn="-1 0 0">
            <n d="-1 0 -3.46944695195361e-016"/>
            <n d="-1 0 -3.46944695195361e-016"/>
            <n d="-1 0 -3.46944695195361e-016"/>
        </f>
        <f v="74 13 95" fn="-1 -0 -0">
            <n d="-1 0 -3.46944695195361e-016"/>
            <n d="-1 0 -3.46944695195361e-016"/>
            <n d="-1 0 -3.46944695195361e-016"/>
        </f>
        <f v="73 74 95" fn="-1 -0 -0">
            <n d="-1 0 -3.46944695195361e-016"/>
            <n d="-1 0 -3.46944695195361e-016"/>
            <n d="-1 0 -3.46944695195361e-016"/>
        </f>
        <f v="91 73 94" fn="-1 0 0">
            <n d="-1 0 -3.46944695195361e-016"/>
            <n d="-1 0 -3.46944695195361e-016"/>
            <n d="-1 0 -3.46944695195361e-016"/>
        </f>
        <f v="92 72 73" fn="-1 -0 -0">
            <n d="-1 0 -3.46944695195361e-016"/>
            <n d="-1 0 -3.46944695195361e-016"/>
            <n d="-1 0 -3.46944695195361e-016"/>
        </f>
        <f v="92 12 72" fn="-1 0 -0">
            <n d="-1 0 -3.46944695195361e-016"/>
            <n d="-1 0 -3.46944695195361e-016"/>
            <n d="-1 0 -3.46944695195361e-016"/>
        </f>
        <f v="91 92 73" fn="-1 0 -0">
            <n d="-1 0 -3.46944695195361e-016"/>
            <n d="-1 0 -3.46944695195361e-016"/>
            <n d="-1 0 -3.46944695195361e-016"/>
        </f>
        <f v="67 91 94" fn="-1 0 0">
            <n d="-1 0 -3.46944695195361e-016"/>
            <n d="-1 0 -3.46944695195361e-016"/>
            <n d="-1 0 -3.46944695195361e-016"/>
        </f>
        <f v="68 67 93" fn="-1 0 -0">
            <n d="-1 0 -3.46944695195361e-016"/>
            <n d="-1 0 -3.46944695195361e-016"/>
            <n d="-1 0 -3.46944695195361e-016"/>
        </f>
        <f v="66 10 90" fn="-1 0 0">
            <n d="-1 0 -3.46944695195361e-016"/>
            <n d="-1 0 -3.46944695195361e-016"/>
            <n d="-1 0 -3.46944695195361e-016"/>
        </f>
        <f v="67 90 91" fn="-1 0 0">
            <n d="-1 0 -3.46944695195361e-016"/>
            <n d="-1 0 -3.46944695195361e-016"/>
            <n d="-1 0 -3.46944695195361e-016"/>
        </f>
        <f v="67 66 90" fn="-1 -0 -0">
            <n d="-1 0 -3.46944695195361e-016"/>
            <n d="-1 0 -3.46944695195361e-016"/>
            <n d="-1 0 -3.46944695195361e-016"/>
        </f>
        <f v="68 93 11" fn="-1 0 0">
            <n d="-1 0 -3.46944695195361e-016"/>
            <n d="-1 0 -3.46944695195361e-016"/>
            <n d="-1 0 -3.46944695195361e-016"/>
        </f>
    </facets>
    <facets color="404040">
        <f v="97 106 105" fn="1.94289029309402e-016 -1 0">
            <n d="1.96511643762998e-016 -1 -0"/>
            <n d="1.96511643762998e-016 -1 -0"/>
            <n d="1.96511643762998e-016 -1 -0"/>
        </f>
        <f v="104 107 106" fn="1.94289029309402e-016 -1 -0">
            <n d="1.96511643762998e-016 -1 -0"/>
            <n d="1.96511643762998e-016 -1 -0"/>
            <n d="1.96511643762998e-016 -1 -0"/>
        </f>
        <f v="104 19 107" fn="1.94289029309402e-016 -1 -0">
            <n d="1.96511643762998e-016 -1 -0"/>
            <n d="1.96511643762998e-016 -1 -0"/>
            <n d="1.96511643762998e-016 -1 -0"/>
        </f>
        <f v="103 104 106" fn="1.94289029309402e-016 -1 -0">
            <n d="1.96511643762998e-016 -1 -0"/>
            <n d="1.96511643762998e-016 -1 -0"/>
            <n d="1.96511643762998e-016 -1 -0"/>
        </f>
        <f v="100 103 106" fn="1.94289029309402e-016 -1 0">
            <n d="1.96511643762998e-016 -1 -0"/>
            <n d="1.96511643762998e-016 -1 -0"/>
            <n d="1.96511643762998e-016 -1 -0"/>
        </f>
        <f v="101 102 103" fn="1.94289029309402e-016 -1 -0">
            <n d="1.96511643762998e-016 -1 -0"/>
            <n d="1.96511643762998e-016 -1 -0"/>
            <n d="1.96511643762998e-016 -1 -0"/>
        </f>
        <f v="101 18 102" fn="1.94289029309402e-016 -1 -0">
            <n d="1.96511643762998e-016 -1 -0"/>
            <n d="1.96511643762998e-016 -1 -0"/>
            <n d="1.96511643762998e-016 -1 -0"/>
        </f>
        <f v="100 101 103" fn="1.94289029309402e-016 -1 -0">
            <n d="1.96511643762998e-016 -1 -0"/>
            <n d="1.96511643762998e-016 -1 -0"/>
            <n d="1.96511643762998e-016 -1 -0"/>
        </f>
        <f v="97 100 106" fn="1.94289029309402e-016 -1 0">
            <n d="1.96511643762998e-016 -1 -0"/>
            <n d="1.96511643762998e-016 -1 -0"/>
            <n d="1.96511643762998e-016 -1 -0"/>
        </f>
        <f v="96 99 100" fn="1.94289029309402e-016 -1 -0">
            <n d="1.96511643762998e-016 -1 -0"/>
            <n d="1.96511643762998e-016 -1 -0"/>
            <n d="1.96511643762998e-016 -1 -0"/>
        </f>
        <f v="96 16 99" fn="1.94289029309402e-016 -1 -0">
            <n d="1.96511643762998e-016 -1 -0"/>
            <n d="1.96511643762998e-016 -1 -0"/>
            <n d="1.96511643762998e-016 -1 -0"/>
        </f>
        <f v="98 97 105" fn="1.94289029309402e-016 -1 -0">
            <n d="1.96511643762998e-016 -1 -0"/>
            <n d="1.96511643762998e-016 -1 -0"/>
            <n d="1.96511643762998e-016 -1 -0"/>
        </f>
        <f v="97 96 100" fn="1.94289029309402e-016 -1 -0">
            <n d="1.96511643762998e-016 -1 -0"/>
            <n d="1.96511643762998e-016 -1 -0"/>
            <n d="1.96511643762998e-016 -1 -0"/>
        </f>
        <f v="98 105 17" fn="1.94289029309402e-016 -1 0">
            <n d="1.96511643762998e-016 -1 -0"/>
            <n d="1.96511643762998e-016 -1 -0"/>
            <n d="1.96511643762998e-016 -1 -0"/>
        </f>
    </facets>
    <facets color="404040">
        <f v="102 18 1" fn="-1 -0 -0">
            <n d="-1 -0 0"/>
            <n d="-1 -0 0"/>
            <n d="-1 -0 0"/>
        </f>
        <f v="116 115 38" fn="-1 0 0">
            <n d="-1 -0 0"/>
            <n d="-1 -0 0"/>
            <n d="-1 -0 0"/>
        </f>
        <f v="113 5 50" fn="-1 -0 0">
            <n d="-1 -0 0"/>
            <n d="-1 -0 0"/>
            <n d="-1 -0 0"/>
        </f>
        <f v="115 114 36" fn="-1 -0 -0">
            <n d="-1 -0 0"/>
            <n d="-1 -0 0"/>
            <n d="-1 -0 0"/>
        </f>
        <f v="103 55 56" fn="-1 0 0">
            <n d="-1 -0 0"/>
            <n d="-1 -0 0"/>
            <n d="-1 -0 0"/>
        </f>
        <f v="114 4 36" fn="-1 0 0">
            <n d="-1 -0 0"/>
            <n d="-1 -0 0"/>
            <n d="-1 -0 0"/>
        </f>
        <f v="18 108 1" fn="-1 0 0">
            <n d="-1 -0 0"/>
            <n d="-1 -0 0"/>
            <n d="-1 -0 0"/>
        </f>
        <f v="20 111 0" fn="-1 0 -0">
            <n d="-1 -0 0"/>
            <n d="-1 -0 0"/>
            <n d="-1 -0 0"/>
        </f>
        <f v="112 50 49" fn="-1 -0 0">
            <n d="-1 -0 0"/>
            <n d="-1 -0 0"/>
            <n d="-1 -0 0"/>
        </f>
        <f v="104 56 4" fn="-1 0 -0">
            <n d="-1 -0 0"/>
            <n d="-1 -0 0"/>
            <n d="-1 -0 0"/>
        </f>
        <f v="114 19 4" fn="-1 -0 -0">
            <n d="-1 -0 0"/>
            <n d="-1 -0 0"/>
            <n d="-1 -0 0"/>
        </f>
        <f v="115 36 37" fn="-1 0 0">
            <n d="-1 -0 0"/>
            <n d="-1 -0 0"/>
            <n d="-1 -0 0"/>
        </f>
        <f v="115 37 38" fn="-1 0 0">
            <n d="-1 -0 0"/>
            <n d="-1 -0 0"/>
            <n d="-1 -0 0"/>
        </f>
        <f v="116 38 5" fn="-1 0 0">
            <n d="-1 -0 0"/>
            <n d="-1 -0 0"/>
            <n d="-1 -0 0"/>
        </f>
        <f v="21 116 5" fn="-1 0 0">
            <n d="-1 -0 0"/>
            <n d="-1 -0 0"/>
            <n d="-1 -0 0"/>
        </f>
        <f v="113 21 5" fn="-1 -0 -0">
            <n d="-1 -0 0"/>
            <n d="-1 -0 0"/>
            <n d="-1 -0 0"/>
        </f>
        <f v="112 49 48" fn="-1 0 0">
            <n d="-1 -0 0"/>
            <n d="-1 -0 0"/>
            <n d="-1 -0 0"/>
        </f>
        <f v="112 113 50" fn="-1 -0 -0">
            <n d="-1 -0 0"/>
            <n d="-1 -0 0"/>
            <n d="-1 -0 0"/>
        </f>
        <f v="111 48 0" fn="-1 -0 0">
            <n d="-1 -0 0"/>
            <n d="-1 -0 0"/>
            <n d="-1 -0 0"/>
        </f>
        <f v="111 112 48" fn="-1 -0 -0">
            <n d="-1 -0 0"/>
            <n d="-1 -0 0"/>
            <n d="-1 -0 0"/>
        </f>
        <f v="110 0 24" fn="-1 0 -0">
            <n d="-1 -0 0"/>
            <n d="-1 -0 0"/>
            <n d="-1 -0 0"/>
        </f>
        <f v="110 20 0" fn="-1 0 -0">
            <n d="-1 -0 0"/>
            <n d="-1 -0 0"/>
            <n d="-1 -0 0"/>
        </f>
        <f v="109 24 25" fn="-1 0 -0">
            <n d="-1 -0 0"/>
            <n d="-1 -0 0"/>
            <n d="-1 -0 0"/>
        </f>
        <f v="109 110 24" fn="-1 0 -0">
            <n d="-1 -0 0"/>
            <n d="-1 -0 0"/>
            <n d="-1 -0 0"/>
        </f>
        <f v="109 25 26" fn="-1 -0 -0">
            <n d="-1 -0 0"/>
            <n d="-1 -0 0"/>
            <n d="-1 -0 0"/>
        </f>
        <f v="108 109 26" fn="-1 0 0">
            <n d="-1 -0 0"/>
            <n d="-1 -0 0"/>
            <n d="-1 -0 0"/>
        </f>
        <f v="108 26 1" fn="-1 -0 -0">
            <n d="-1 -0 0"/>
            <n d="-1 -0 0"/>
            <n d="-1 -0 0"/>
        </f>
        <f v="102 1 54" fn="-1 0 0">
            <n d="-1 -0 0"/>
            <n d="-1 -0 0"/>
            <n d="-1 -0 0"/>
        </f>
        <f v="103 54 55" fn="-1 0 0">
            <n d="-1 -0 0"/>
            <n d="-1 -0 0"/>
            <n d="-1 -0 0"/>
        </f>
        <f v="103 102 54" fn="-1 -0 -0">
            <n d="-1 -0 0"/>
            <n d="-1 -0 0"/>
            <n d="-1 -0 0"/>
        </f>
        <f v="104 103 56" fn="-1 0 0">
            <n d="-1 -0 0"/>
            <n d="-1 -0 0"/>
            <n d="-1 -0 0"/>
        </f>
        <f v="104 4 19" fn="-1 0 0">
            <n d="-1 -0 0"/>
            <n d="-1 -0 0"/>
            <n d="-1 -0 0"/>
        </f>
    </facets>
    <facets color="404040">
        <f v="112 124 123" fn="0 1 0">
            <n d="-0 1 -0"/>
            <n d="-0 1 -0"/>
            <n d="-0 1 -0"/>
        </f>
        <f v="122 125 124" fn="-0 1 -0">
            <n d="-0 1 -0"/>
            <n d="-0 1 -0"/>
            <n d="-0 1 -0"/>
        </f>
        <f v="122 23 125" fn="-0 1 0">
            <n d="-0 1 -0"/>
            <n d="-0 1 -0"/>
            <n d="-0 1 -0"/>
        </f>
        <f v="121 122 124" fn="-0 1 0">
            <n d="-0 1 -0"/>
            <n d="-0 1 -0"/>
            <n d="-0 1 -0"/>
        </f>
        <f v="118 121 124" fn="0 1 0">
            <n d="-0 1 -0"/>
            <n d="-0 1 -0"/>
            <n d="-0 1 -0"/>
        </f>
        <f v="119 120 121" fn="-0 1 -0">
            <n d="-0 1 -0"/>
            <n d="-0 1 -0"/>
            <n d="-0 1 -0"/>
        </f>
        <f v="119 22 120" fn="-0 1 -0">
            <n d="-0 1 -0"/>
            <n d="-0 1 -0"/>
            <n d="-0 1 -0"/>
        </f>
        <f v="118 119 121" fn="-0 1 -0">
            <n d="-0 1 -0"/>
            <n d="-0 1 -0"/>
            <n d="-0 1 -0"/>
        </f>
        <f v="112 118 124" fn="-0 1 0">
            <n d="-0 1 -0"/>
            <n d="-0 1 -0"/>
            <n d="-0 1 -0"/>
        </f>
        <f v="113 112 123" fn="-0 1 -0">
            <n d="-0 1 -0"/>
            <n d="-0 1 -0"/>
            <n d="-0 1 -0"/>
        </f>
        <f v="111 20 117" fn="0 1 0">
            <n d="-0 1 -0"/>
            <n d="-0 1 -0"/>
            <n d="-0 1 -0"/>
        </f>
        <f v="112 117 118" fn="0 1 0">
            <n d="-0 1 -0"/>
            <n d="-0 1 -0"/>
            <n d="-0 1 -0"/>
        </f>
        <f v="112 111 117" fn="-0 1 -0">
            <n d="-0 1 -0"/>
            <n d="-0 1 -0"/>
            <n d="-0 1 -0"/>
        </f>
        <f v="113 123 21" fn="0 1 0">
            <n d="-0 1 -0"/>
            <n d="-0 1 -0"/>
            <n d="-0 1 -0"/>
        </f>
    </facets>
    <facets color="404040">
        <f v="110 118 117" fn="0 0 1">
            <n d="-0 -0 1"/>
            <n d="-0 -0 1"/>
            <n d="-0 -0 1"/>
        </f>
        <f v="126 22 119" fn="0 -0 1">
            <n d="-0 -0 1"/>
            <n d="-0 -0 1"/>
            <n d="-0 -0 1"/>
        </f>
        <f v="127 119 118" fn="0 0 1">
            <n d="-0 -0 1"/>
            <n d="-0 -0 1"/>
            <n d="-0 -0 1"/>
        </f>
        <f v="127 126 119" fn="-0 -0 1">
            <n d="-0 -0 1"/>
            <n d="-0 -0 1"/>
            <n d="-0 -0 1"/>
        </f>
        <f v="109 127 118" fn="0 0 1">
            <n d="-0 -0 1"/>
            <n d="-0 -0 1"/>
            <n d="-0 -0 1"/>
        </f>
        <f v="100 128 127" fn="0 0 1">
            <n d="-0 -0 1"/>
            <n d="-0 -0 1"/>
            <n d="-0 -0 1"/>
        </f>
        <f v="99 16 128" fn="-0 -0 1">
            <n d="-0 -0 1"/>
            <n d="-0 -0 1"/>
            <n d="-0 -0 1"/>
        </f>
        <f v="100 99 128" fn="-0 -0 1">
            <n d="-0 -0 1"/>
            <n d="-0 -0 1"/>
            <n d="-0 -0 1"/>
        </f>
        <f v="109 100 127" fn="-0 -0 1">
            <n d="-0 -0 1"/>
            <n d="-0 -0 1"/>
            <n d="-0 -0 1"/>
        </f>
        <f v="110 109 118" fn="-0 -0 1">
            <n d="-0 -0 1"/>
            <n d="-0 -0 1"/>
            <n d="-0 -0 1"/>
        </f>
        <f v="108 18 101" fn="0 0 1">
            <n d="-0 -0 1"/>
            <n d="-0 -0 1"/>
            <n d="-0 -0 1"/>
        </f>
        <f v="109 101 100" fn="0 0 1">
            <n d="-0 -0 1"/>
            <n d="-0 -0 1"/>
            <n d="-0 -0 1"/>
        </f>
        <f v="109 108 101" fn="-0 -0 1">
            <n d="-0 -0 1"/>
            <n d="-0 -0 1"/>
            <n d="-0 -0 1"/>
        </f>
        <f v="110 117 20" fn="0 0 1">
            <n d="-0 -0 1"/>
            <n d="-0 -0 1"/>
            <n d="-0 -0 1"/>
        </f>
    </facets>
    <facets color="404040">
        <f v="124 115 116" fn="0 0 -1">
            <n d="-1.0842021724855e-016 0 -1"/>
            <n d="-1.0842021724855e-016 0 -1"/>
            <n d="-1.0842021724855e-016 0 -1"/>
        </f>
        <f v="107 19 114" fn="-0 0 -1">
            <n d="-1.0842021724855e-016 0 -1"/>
            <n d="-1.0842021724855e-016 0 -1"/>
            <n d="-1.0842021724855e-016 0 -1"/>
        </f>
        <f v="107 114 115" fn="-0 -0 -1">
            <n d="-1.0842021724855e-016 0 -1"/>
            <n d="-1.0842021724855e-016 0 -1"/>
            <n d="-1.0842021724855e-016 0 -1"/>
        </f>
        <f v="106 107 115" fn="-0 -0 -1">
            <n d="-1.0842021724855e-016 0 -1"/>
            <n d="-1.0842021724855e-016 0 -1"/>
            <n d="-1.0842021724855e-016 0 -1"/>
        </f>
        <f v="130 106 115" fn="0 0 -1">
            <n d="-1.0842021724855e-016 0 -1"/>
            <n d="-1.0842021724855e-016 0 -1"/>
            <n d="-1.0842021724855e-016 0 -1"/>
        </f>
        <f v="131 105 106" fn="-0 -0 -1">
            <n d="-1.0842021724855e-016 0 -1"/>
            <n d="-1.0842021724855e-016 0 -1"/>
            <n d="-1.0842021724855e-016 0 -1"/>
        </f>
        <f v="131 17 105" fn="-0 -0 -1">
            <n d="-1.0842021724855e-016 0 -1"/>
            <n d="-1.0842021724855e-016 0 -1"/>
            <n d="-1.0842021724855e-016 0 -1"/>
        </f>
        <f v="130 131 106" fn="-0 -0 -1">
            <n d="-1.0842021724855e-016 0 -1"/>
            <n d="-1.0842021724855e-016 0 -1"/>
            <n d="-1.0842021724855e-016 0 -1"/>
        </f>
        <f v="124 130 115" fn="0 -0 -1">
            <n d="-1.0842021724855e-016 0 -1"/>
            <n d="-1.0842021724855e-016 0 -1"/>
            <n d="-1.0842021724855e-016 0 -1"/>
        </f>
        <f v="125 129 130" fn="-0 -0 -1">
            <n d="-1.0842021724855e-016 0 -1"/>
            <n d="-1.0842021724855e-016 0 -1"/>
            <n d="-1.0842021724855e-016 0 -1"/>
        </f>
        <f v="125 23 129" fn="0 -0 -1">
            <n d="-1.0842021724855e-016 0 -1"/>
            <n d="-1.0842021724855e-016 0 -1"/>
            <n d="-1.0842021724855e-016 0 -1"/>
        </f>
        <f v="123 124 116" fn="0 -0 -1">
            <n d="-1.0842021724855e-016 0 -1"/>
            <n d="-1.0842021724855e-016 0 -1"/>
            <n d="-1.0842021724855e-016 0 -1"/>
        </f>
        <f v="124 125 130" fn="0 -0 -1">
            <n d="-1.0842021724855e-016 0 -1"/>
            <n d="-1.0842021724855e-016 0 -1"/>
            <n d="-1.0842021724855e-016 0 -1"/>
        </f>
        <f v="123 116 21" fn="-0 0 -1">
            <n d="-1.0842021724855e-016 0 -1"/>
            <n d="-1.0842021724855e-016 0 -1"/>
            <n d="-1.0842021724855e-016 0 -1"/>
        </f>
    </facets>
    <facets color="404040">
        <f v="122 130 129" fn="1 0 0">
            <n d="1 -0 -3.46944695195361e-016"/>
            <n d="1 -0 -3.46944695195361e-016"/>
            <n d="1 -0 -3.46944695195361e-016"/>
        </f>
        <f v="98 17 131" fn="1 0 0">
            <n d="1 -0 -3.46944695195361e-016"/>
            <n d="1 -0 -3.46944695195361e-016"/>
            <n d="1 -0 -3.46944695195361e-016"/>
        </f>
        <f v="97 131 130" fn="1 0 0">
            <n d="1 -0 -3.46944695195361e-016"/>
            <n d="1 -0 -3.46944695195361e-016"/>
            <n d="1 -0 -3.46944695195361e-016"/>
        </f>
        <f v="97 98 131" fn="1 -0 -0">
            <n d="1 -0 -3.46944695195361e-016"/>
            <n d="1 -0 -3.46944695195361e-016"/>
            <n d="1 -0 -3.46944695195361e-016"/>
        </f>
        <f v="127 97 130" fn="1 0 0">
            <n d="1 -0 -3.46944695195361e-016"/>
            <n d="1 -0 -3.46944695195361e-016"/>
            <n d="1 -0 -3.46944695195361e-016"/>
        </f>
        <f v="128 96 97" fn="1 -0 -0">
            <n d="1 -0 -3.46944695195361e-016"/>
            <n d="1 -0 -3.46944695195361e-016"/>
            <n d="1 -0 -3.46944695195361e-016"/>
        </f>
        <f v="128 16 96" fn="1 0 -0">
            <n d="1 -0 -3.46944695195361e-016"/>
            <n d="1 -0 -3.46944695195361e-016"/>
            <n d="1 -0 -3.46944695195361e-016"/>
        </f>
        <f v="127 128 97" fn="1 0 -0">
            <n d="1 -0 -3.46944695195361e-016"/>
            <n d="1 -0 -3.46944695195361e-016"/>
            <n d="1 -0 -3.46944695195361e-016"/>
        </f>
        <f v="121 127 130" fn="1 0 0">
            <n d="1 -0 -3.46944695195361e-016"/>
            <n d="1 -0 -3.46944695195361e-016"/>
            <n d="1 -0 -3.46944695195361e-016"/>
        </f>
        <f v="120 126 127" fn="1 -0 -0">
            <n d="1 -0 -3.46944695195361e-016"/>
            <n d="1 -0 -3.46944695195361e-016"/>
            <n d="1 -0 -3.46944695195361e-016"/>
        </f>
        <f v="120 22 126" fn="1 -0 -0">
            <n d="1 -0 -3.46944695195361e-016"/>
            <n d="1 -0 -3.46944695195361e-016"/>
            <n d="1 -0 -3.46944695195361e-016"/>
        </f>
        <f v="122 121 130" fn="1 0 -0">
            <n d="1 -0 -3.46944695195361e-016"/>
            <n d="1 -0 -3.46944695195361e-016"/>
            <n d="1 -0 -3.46944695195361e-016"/>
        </f>
        <f v="121 120 127" fn="1 -0 -0">
            <n d="1 -0 -3.46944695195361e-016"/>
            <n d="1 -0 -3.46944695195361e-016"/>
            <n d="1 -0 -3.46944695195361e-016"/>
        </f>
        <f v="122 129 23" fn="1 0 0">
            <n d="1 -0 -3.46944695195361e-016"/>
            <n d="1 -0 -3.46944695195361e-016"/>
            <n d="1 -0 -3.46944695195361e-016"/>
        </f>
    </facets>
</shell>
</step-assembly>
